article_url,article_title,idea_1,idea_2,idea_3,idea_4,idea_5,idea_6,idea_7
https://news.delta.com/make-most-middle-connecting-through-minneapolis-saint-paul,Make the most of the middle: Connecting through Minneapolis–Saint Paul,"Minneapolis–Saint Paul International Airport (MSP) serves as a major hub for Delta Air Lines, connecting travelers across the U.S. and internationally.","MSP features bright yellow wayfinding signage and wide corridors with moving sidewalks, making navigation intuitive for travelers.","Travelers at MSP can enjoy a curated mix of shopping and dining options, including local brands and a Prince-themed store.","MSP's Delta Sky Club offers a variety of seating options and amenities, creating a comfortable environment for travelers to relax before their next flight.","The InterContinental Minneapolis–Saint Paul Airport connects directly to Terminal 1 via a skybridge, providing convenient access for overnight connections.","Travelers at MSP experience a seamless and enjoyable layover, with timely notifications from the Delta app and well-maintained facilities.",
https://news.delta.com/inside-connection-detroit-metropolitan-airport,Inside a connection at Detroit Metropolitan Airport,"A traveler arrived at Detroit Metropolitan Airport with two hours between flights, allowing time to grab coffee, work, and assess the ease of the connection.","Detroit Metropolitan Airport's McNamara Terminal features tall windows for plane spotting, moving walkways for efficiency, and an ExpressTram for quick access to major gate clusters and Delta Sky Clubs.","Zingerman’s Coffee inside Plum Market near Gate A36 offers a caramel latte, while local dining options like 7greens and Leo’s Coney Island provide fresh salads and comfort food, respectively.","The Eastern Market Experience at Detroit Metropolitan Airport showcases local favorites such as Buddy’s deep-dish pizza and Michigan craft beer, along with retail shops selling locally made products.","The Delta Sky Club near Gate A43 offers modern seating, local artwork, and runway views, providing a comfortable space for travelers to work or relax.","The Westin Detroit Metropolitan Airport, connected to the McNamara Terminal, features its own TSA checkpoint, allowing guests to access their gates without leaving the airport.","Detroit Metropolitan Airport is designed to make layovers efficient, comfortable, and enjoyable, serving as more than just a transfer point for travelers."
https://www.aviationtoday.com/2026/02/19/the-expensive-reality-of-ads-b-in-for-airlines/,The Expensive Reality of ADS-B In for Airlines,"Regulators have promoted Automatic Dependent Surveillance–Broadcast In (ADS-B In) as a means to enhance airspace efficiency, but airlines are concerned about the associated costs and operational complexities of retrofitting their fleets.","ADS-B Out has been widely implemented, allowing aircraft to broadcast their position and intent, while ADS-B In enables aircraft to receive data for improved situational awareness, but adoption has been slow due to high retrofit costs.","For narrowbody aircraft like the A320neo and B737 MAX, the cost of upgrading to ADS-B In can range from $50,000 to $150,000 per aircraft, while widebody aircraft like the B777 and A350 face even higher costs due to their complex systems.","Short-haul airlines, such as Ryanair and Southwest, face significant challenges in retrofitting ADS-B In due to tight schedules and the need for aircraft to be out of service for several days, complicating budgetary decisions.","Long-haul airlines have more flexibility in scheduling retrofits for widebody aircraft, but the integration of ADS-B In can trigger complex software updates that require extensive testing and certification.","Past experiences with connectivity upgrades and surveillance mandates suggest that airlines will likely adopt a phased approach to implementing ADS-B In, prioritizing aircraft in high-density airspace to manage disruptions.",Airlines must balance the upfront costs and operational disruptions of retrofitting ADS-B In against the potential long-term benefits of improved efficiency and safety in air traffic management.
https://www.aviationtoday.com/2026/02/19/how-the-dca-disaster-hearing-is-reshaping-avionics-and-atc-rules/,How the DCA Disaster Hearing Is Reshaping Avionics and ATC Rules,,,,,,,
https://www.aviationtoday.com/2026/02/19/how-supply-chain-breakdowns-are-clouding-the-future-of-avionics/,How Supply Chain Breakdowns Are Clouding the Future of Avionics,,,,,,,
https://www.aviationtoday.com/2026/02/19/startup-developing-blended-wing-aircraft-for-cargo-use-raises-28-million/,Startup Developing Blended Wing Aircraft For Cargo Use Raises $28 Million,,,,,,,
https://www.aviationtoday.com/2026/02/19/usaf-to-award-sole-source-contract-to-bae-systems-to-resolve-deficiency-reports-on-alr-56/,USAF To Award Sole Source Contract To BAE Systems To Resolve Deficiency Reports on ALR-56,,,,,,,
https://www.aviationtoday.com/2026/02/19/use-of-commercial-technologies-obviates-need-for-c-17-re-engining-usaf-says/,"Use of Commercial Technologies Obviates Need for C-17 Re-engining, USAF Says",,,,,,,
https://skift.com/2026/02/19/the-hotel-industry-wasnt-built-for-this-nothing-was/,The Hotel Industry Wasn’t Built for This. Nothing Was.,,,,,,,
https://skift.com/2026/02/20/ennismore-ceo-lines-up-more-india-deals-after-mumbai-debut/,Ennismore CEO Plans More India Hotels After Mumbai Debut,,,,,,,
https://skift.com/2026/02/20/expedia-ai-agentic-10k-earnings-q4-2025/,What Expedia Says About the Coming Agentic Travel Fight,"Expedia's latest annual report highlights agentic AI as a competitive threat and outlines new risks including AI-powered competitors, data scraping, and liability issues.","Expedia is aggressively experimenting with AI, focusing on visibility in agentic platforms and protecting proprietary information.","Internal AI improvements at Expedia have boosted efficiency and advertising revenue, but the company acknowledges it may be behind peers in launching advanced agentic features.","Expedia's consumer-facing agentic AI offerings are still in early stages, with plans underway to develop more advanced natural language booking capabilities.",,,
https://skift.com/2026/02/19/sabre-layoffs-leadership-changes-ai-native/,Sabre Lays Off Staff Amid C-Suite Reshuffle in Bid to Become ‘AI-Native’,,,,,,,
https://skift.com/2026/02/19/las-vegas-tourism-suffers-sharp-decline/,Las Vegas Tourism Suffers Sharp Decline,,,,,,,
https://skift.com/2026/02/19/choice-hotels-purge-sheds-weak-properties-to-lift-brand-quality/,Choice Hotels’ Purge: Sheds Weak Properties to Lift Brand Quality,,,,,,,
https://skift.com/2026/02/19/u-s-inbound-tourism-slump-deepens/,U.S. Inbound Tourism Slump Deepens to Start 2026,,,,,,,
https://skift.com/2026/02/19/air-france-klm-hits-e2-billion-profit-milestone-as-premium-anchors-outlook/,Air France-KLM Hits €2 Billion Profit Milestone as Premium Anchors Outlook,,,,,,,
https://skift.com/2026/02/18/heres-how-u-s-airlines-say-theyre-using-ai/,Here’s How U.S. Airlines Say They’re Using AI,"Major U.S. airlines including Delta Air Lines, United Airlines, and Southwest Airlines are increasingly disclosing their use of artificial intelligence in annual reports, applying it to areas such as baggage handling, marketing, and operational efficiency.",Delta Air Lines is using artificial intelligence to optimize the routing and distribution of bags for flights with short connecting times and to enhance on-time performance.,United Airlines has linked its adoption of artificial intelligence to management job cuts while also highlighting both the benefits and ethical challenges associated with the technology.,"Southwest Airlines is approaching the integration of artificial intelligence differently compared to other carriers, focusing on operational and marketing improvements.","Airlines are expressing caution regarding the risks of artificial intelligence, including potential cybersecurity threats and reputational harm, and are taking steps to ensure ethical and compliant integration of AI technology.","Major U.S. airlines, including Delta, United, and Southwest, are expanding their use of artificial intelligence for tasks such as baggage routing and marketing while also addressing risks like cybersecurity threats and ethical concerns in their annual reports.",
https://skift.com/2026/02/18/navan-to-replace-cfo-4-months-after-ipo/,Navan to Replace CFO 4 Months After IPO,,,,,,,
https://airlinegeeks.com/2026/02/20/united-american-to-inject-200-million-into-brazils-azul/,"United, American to Inject $200 Million into Brazil’s Azul",United Airlines and American Airlines have each committed $100 million to recapitalize the Brazilian airline Azul after it emerges from Chapter 11 bankruptcy protection.,"Azul will receive an additional $100 million investment from its existing creditors, bringing the total new capital to $300 million.",United Airlines and American Airlines are each investing $100 million to help recapitalize the Brazilian carrier Azul as it emerges from Chapter 11 bankruptcy.,"Azul, headquartered near São Paulo, serves numerous destinations within Brazil and offers international flights to countries including Argentina, Paraguay, and the United States.","Azul filed for bankruptcy in 2025 due to rising costs, and its reorganization plan is being overseen by the U.S. Bankruptcy Court for the Southern District of New York.","The U.S. Bankruptcy Court approved Azul's debt restructuring plan in December, allowing the airline to raise capital from United, American, and other investors.",
https://airlinegeeks.com/2026/02/19/american-picks-leap-engines-for-future-a321neo-deliveries/,American Picks LEAP Engines for Future A321neo Deliveries,American Airlines has selected CFM International's LEAP-1A engine to power 85 new Airbus A321neo aircraft ordered in early 2024.,"American Airlines already uses LEAP engines on its in-service Airbus A321neos, A321XLRs, and Boeing 737 MAX aircraft.",American Airlines CEO Robert Isom stated that the airline is proud to operate more CFM/GE Aerospace-powered aircraft than any other airline in the world.,CFM International will continue to provide long-term maintenance for American Airlines' LEAP-1A engines.,"American Airlines has options for an additional 116 Airbus A320-family aircraft, which would also be outfitted with LEAP engines if the options are exercised.",,
https://airlinegeeks.com/2026/02/19/israel-to-add-another-international-airport/,Israel to Add Another International Airport,,,,,,,
https://airlinegeeks.com/2026/02/18/jetblue-flight-reports-engine-failure-returns-to-airport/,"JetBlue Flight Reports Engine Failure, Returns to Airport","A JetBlue flight departing Newark, New Jersey, for West Palm Beach, Florida, experienced engine failure and was forced to return to Newark Airport on Wednesday evening.","Upon landing, the crew reported smoke in the cockpit and evacuated passengers using inflatable slides, with no injuries reported.","A JetBlue flight departing Newark Airport for West Palm Beach experienced engine failure, temporarily halting flights at the airport until operations resumed by 7:10 p.m.",,,,
https://airlinegeeks.com/2026/02/20/air-canada-adds-new-route-flights-to-mexico/,"Air Canada Adds New Route, Flights to Mexico","Air Canada will introduce a new nonstop route from Montreal to Guadalajara starting June 2, 2026, operating three times weekly year-round.","Air Canada will increase flight frequencies on existing routes to Cancun, Monterrey, Mexico City, and Puerto Vallarta for the summer season.","Flights from Montreal to Cancun will increase from seven times weekly to 11 times weekly, while Toronto to Monterrey will increase from three times weekly to four times weekly.","Vancouver to Mexico City flights will increase from seven times weekly to 11 times weekly, and Vancouver to Puerto Vallarta flights will increase from once weekly to twice weekly.","Mark Galardo, Air Canada’s executive vice president, chief commercial officer, and president of cargo, stated that air travel facilitates tourism, trade, and connectivity as part of Air Canada’s strategy for Latin America.","Air Canada has formed an interline partnership with Pegasus Airlines, allowing passengers to connect to Turkey through eight European gateways on a single itinerary.","Travelers can connect to Pegasus flights to Istanbul and Izmir, Turkey, through European cities including Amsterdam, Frankfurt, and Athens."
https://airlinegeeks.com/2026/02/18/allegiant-plans-dolly-parton-themed-flight-to-knoxville/,Allegiant Plans Dolly Parton-Themed Flight to Knoxville,,,,,,,
https://airlinegeeks.com/2026/02/18/delta-flight-returns-to-airport-after-passenger-disturbance/,Delta Flight Returns to Airport After Passenger Disturbance,A Delta Airlines flight from Houston Hobby to Atlanta was forced to return shortly after takeoff due to an unruly passenger who exhibited disruptive behavior toward other customers.,"Houston police detained the passenger upon the flight's return to the airport, but specific charges against the individual were not immediately clear.","A Delta flight from Houston to Atlanta returned shortly after takeoff due to a passenger's unruly behavior, with Delta stating that the passenger did not attempt to access the cockpit.","Delta Airlines apologized to customers for the delay caused by an incident involving an unruly passenger on a flight from Houston Hobby to Atlanta, while emphasizing its zero-tolerance policy for such behavior.",,,
https://airlinegeeks.com/2026/02/18/investigators-provide-update-on-toronto-endeavor-air-crash/,Investigators Provide Update on Toronto Endeavor Air Crash,,,,,,,
https://airlinegeeks.com/2026/02/18/united-nigeria-eyes-nonstop-flights-to-the-u-s/,United Nigeria Eyes Nonstop Flights to the U.S.,United Nigeria Airlines plans to launch nonstop flights to New York in the second quarter of 2026 as part of its significant international expansion.,"Chairman Obiora Okonkwo announced that United Nigeria Airlines will also add new routes to Europe, the U.K., and the Middle East by summer 2026.",United Nigeria Airlines is upgrading its fleet by acquiring six Boeing 737-800s and leasing two Airbus A330s to support its planned international routes.,"Currently, United Nigeria Airlines operates flights within Nigeria and to Accra, Ghana, but is considering regional routes to Dakar, Monrovia, and Johannesburg.","Within three to five years, United Nigeria Airlines intends to be listed on the Nigerian Stock Exchange.",,
https://airlinegeeks.com/2026/02/18/porter-adds-new-u-s-destination-2/,Porter Adds New U.S. Destination,"Porter Airlines is launching its first service to Austin, Texas, with flights between Toronto Pearson and Austin starting on May 21, operating five times weekly using an Embraer E195-E2 aircraft.","Porter Airlines is relocating its Chicago operations from Midway Airport to O'Hare Airport on September 1, increasing flight frequency to three times daily and providing more connecting options.","Porter Airlines is introducing a new seasonal route connecting Ottawa and Deer Lake, with flights starting on June 10 and operating five times weekly.",,,,
https://airlinegeeks.com/2026/02/18/jetblue-resumes-texas-route/,JetBlue Resumes Texas Route,"JetBlue will resume nonstop service between Houston and New York-JFK starting on May 21, 2026, operating twice daily with Airbus A320 aircraft.",JetBlue last served the Houston to New York-JFK route in February 2025 and has continued to connect Houston with its Boston hub.,"Dave Jehn, vice president of network planning and airline partnerships at JetBlue, stated that Houston is an important destination for many travelers and expressed satisfaction in reintroducing nonstop service between JFK and Houston.",,,,
https://airlinegeeks.com/2026/02/19/vietnam-airlines-orders-50-boeing-737-max-jets/,Vietnam Airlines Orders 50 Boeing 737 MAX Jets,,,,,,,
https://airlinegeeks.com/2026/02/19/psa-flight-attendants-reach-tentative-labor-agreement/,"PSA, Flight Attendants Reach Tentative Labor Agreement","PSA Airlines and its flight attendants, represented by the Association of Flight Attendants-CWA, have reached a tentative three-year labor agreement that includes an immediate 10% wage increase and other benefits.",PSA flight attendants are projected to receive a 30% to 50% increase in overall compensation over the lifespan of their proposed three-year labor agreement.,"Lee Wilkes, president of the AFA master executive council at PSA, emphasized that the tentative agreement acknowledges the essential role of flight attendants in ensuring passenger safety and service.",Negotiations for the labor agreement began in 2023 when the previous contract for PSA flight attendants became amendable.,AFA International President Sara Nelson thanked American Airlines CEO Robert Isom for his engagement in making the labor agreement possible.,"Robert Isom has faced criticism from pilots and flight attendants regarding earnings results, but he and other executives expect long-term investments to yield higher earnings per share starting in 2026.",
https://airlinegeeks.com/2026/02/19/faa-easa-qualify-boeing-777-9-flight-simulator/,"FAA, EASA Qualify Boeing 777-9 Flight Simulator",,,,,,,
https://skift.com/2026/02/19/united-shakes-up-mileageplus-heres-whats-changing/,United Shakes Up MileagePlus: Here’s What’s Changing,"United Airlines is overhauling its MileagePlus loyalty program to provide more rewards to customers who hold the airline's co-branded credit cards, aiming to attract high-spend travelers.","Starting April 2, 2026, customers who purchase tickets with a United credit card will earn twice the amount of miles per dollar spent on flights compared to non-cardholders.","Only customers who hold a United credit card will earn miles on basic economy tickets, reflecting a shift in the airline's loyalty strategy.","United Airlines credit cardholders will receive at least a 10% discount on award flights, with larger discounts and more Saver Award seat access available for top-tier members.",These changes in the MileagePlus program align with a broader industry trend of rewarding high-spend and premium travelers as airlines enhance perks and increase annual fees.,,
https://airlineweekly.skift.com/2026/02/american-airlines-is-falling-behind-heres-why/,American Airlines Is Falling Behind. Here’s Why,"Delta Air Lines and United Airlines are dominating airline profits while American Airlines is falling behind, and Frontier Airlines is struggling to recover.",,,,,,
https://runwaygirlnetwork.com/2026/02/iridium-eyes-aviation-disruption-with-certus-safety-and-space-based-vhf/,"Iridium plans aviation disruption with Certus safety, space-based VHF",,,,,,,
https://runwaygirlnetwork.com/2026/02/optimism-abounds-as-amazon-eyes-third-party-antenna-option-for-leo/,Optimism abounds as Amazon eyes more open ecosystem for LEO,,,,,,,
https://runwaygirlnetwork.com/2026/02/sun-phuquoc-airways-orders-up-to-40-boeing-787s/,Press Release: Sun PhuQuoc Airways orders up to 40 Boeing 787s,,,,,,,
https://runwaygirlnetwork.com/2026/02/retrofit-lufthansa-a320-with-new-cabin/,Press Release: New cabins come to Lufthansa A320 continental fleet,,,,,,,
https://thepointsguy.com/credit-cards/best-card-pairings-amex-gold/,7 of the best cards to pair with the Amex Gold,,,,,,,
https://thepointsguy.com/cruise/expedition-cruises-ultimate-guide/,"Expedition cruises: The ultimate guide to cruising to remote, hard-to-reach places",,,,,,,
https://thepointsguy.com/credit-cards/is-delta-reserve-amex-worth-annual-fee/,Is the Delta Reserve Amex worth the annual fee?,,,,,,,
https://thepointsguy.com/deals/points-and-miles-travel-deals/,Deal alert: Points and miles travel deals for February 2026,,,,,,,
https://thepointsguy.com/loyalty-programs/how-to-get-ihg-fourth-night-free-award/,How to get your fourth reward night free when redeeming IHG points,,,,,,,
https://thepointsguy.com/news/delta-credit-card-award-discount/,How to use and maximize Delta’s TakeOff 15 feature to save on award tickets,Delta Air Lines offers a TakeOff 15 benefit that provides a 15% discount on all award flights for holders of eligible cobranded American Express cards.,"Eligible Delta cobranded American Express cards for the TakeOff 15 discount include the Delta SkyMiles® Gold, Platinum, and Reserve cards, while the Delta SkyMiles® Blue card is not eligible.","To use the TakeOff 15 discount, Delta Air Lines customers must search for their desired award flight, and the discount will automatically appear on the results page, applicable only to Delta-operated flights.",Delta Air Lines allows customers who have already booked award tickets to potentially save money by rebooking if the price drops due to the TakeOff 15 feature.,"Delta Air Lines will refund both miles and fees immediately after a customer cancels a ticket to take advantage of the TakeOff 15 discount, but basic economy award tickets are non-refundable.","The TakeOff 15 discount can provide significant savings for eligible Delta cobranded cardholders, who can save hundreds of dollars in SkyMiles annually.",
https://thepointsguy.com/travel/best-spring-break-getaways-us/,11 best spring break destinations in the US,"Monterey, California, is a marine science destination known for the Monterey Bay Aquarium, where visitors can observe sea otters, sharks, and penguins, and join whale watching tours.","Lake City, Florida, features over 900 freshwater springs and Ichetucknee Springs State Park, where visitors can enjoy tubing and kayaking through scenic waterways.","New York's Finger Lakes region offers outdoor activities such as hiking and wine tasting, featuring attractions like Watkins Glen State Park and the Women's Rights National Historical Park.","Oregon's Willamette Valley is famous for its pinot wines and features numerous hiking trails, including the Trail of Ten Waterfalls in Silver Falls State Park.","Tucson, Arizona, recognized as a UNESCO City of Gastronomy, features cultural attractions such as Mission San Xavier del Bac and hosts the Agave Heritage Festival to celebrate local cuisine.","Maui, Hawaii, offers excellent whale watching opportunities in spring, along with diverse beaches and scenic drives such as the Road to Hana.","Moab, Utah, serves as a base for exploring Arches and Canyonlands national parks, providing extensive mountain biking trails and river rafting adventures."
https://thepointsguy.com/news/national-parks-reservation-requirement-2026/,3 popular national parks scrap reservation systems ahead of peak season,,,,,,,
https://thepointsguy.com/credit-cards/choose-right-credit-card-for-your-business/,How to choose the best credit card for your business expenses,,,,,,,
https://thepointsguy.com/loyalty-programs/current-transfer-bonuses/,"Credit card transfer bonuses (February): 40% bonus to Virgin Flying Club, 30% bonus to JAL and more",,,,,,,
https://thepointsguy.com/cruise/best-antarctica-luxury-trips/,6 ways to travel to Antarctica in style and luxury,,,,,,,
https://thepointsguy.com/hotel/most-anticipated-hotel-openings-2026/,These are the hotel openings TPG is most excited for in 2026,,,,,,,
https://thepointsguy.com/news/united-airlines-mileageplus-miles-shakeup/,"United unveils huge MileagePlus shakeup, rewarding cardholders with higher earn rates","United Airlines announced changes to its MileagePlus program, reducing mileage earning rates for members without status or a United credit card while increasing rewards for cardholders and loyal customers.","United Airlines will offer credit card holders discounts of at least 10% on every award flight, with greater discounts for those with Premier status, effective for tickets purchased on or after April 2.","United Airlines cardholders will earn up to twice as many miles per dollar spent compared to non-cardholders, with specific earning rates varying by elite status tier.","United Airlines will no longer allow customers booking basic economy fares to earn MileagePlus miles unless they have elite status or a United credit card, starting in April.","Under the new basic economy policy, MileagePlus members will earn no miles, while Premier status members will earn at a reduced rate, and cardholders will earn a slightly higher rate.","United Airlines is now the only U.S. airline that prohibits most passengers from bringing a full-size carry-on bag on basic economy tickets, with exceptions for cardholders and Premier status members.",United Airlines follows Delta Air Lines and American Airlines in implementing stricter policies regarding mileage earning on basic economy bookings.
https://thepointsguy.com/credit-cards/bank-of-america-new-rewards-program/,Bank of America expands rewards access with new no-fee loyalty program,"Bank of America will launch a new loyalty program called BofA Rewards on May 27, which will not require members to maintain a minimum balance to join.","BofA Rewards will allow personal account holders who previously did not meet the $20,000 balance requirement for the Preferred Rewards program to earn additional benefits.",Current Preferred Rewards members may experience changes in their perks due to new tier thresholds and structured benefits in the BofA Rewards program.,"BofA Rewards will have multiple tiers, including Member, Preferred Plus, Preferred Honors, and Premier, each offering different benefits based on total assets.","Existing Preferred Rewards members will be automatically enrolled in BofA Rewards on May 27, with current benefits maintained for at least six months for those whose benefits will change.","Members of the BofA Rewards program can earn additional points or cash back by using eligible Bank of America credit cards, with varying earning rates based on their membership tier.","BofA Rewards is advantageous for new members who previously could not access Bank of America's loyalty program, allowing them to earn up to 2.625% cash back on everyday purchases."
https://thepointsguy.com/credit-cards/credit-card-travel-perks/,9 valuable travel perks that you can get with a credit card,"Premium travel credit cards provide valuable travel perks such as travel and rental car insurance, airport lounge access, and travel-focused annual statement credits.","The Capital One Venture X Rewards Credit Card offers complimentary access to Capital One Lounges and a welcome bonus of 75,000 miles after spending $4,000 in the first three months.","The Chase Sapphire Reserve card provides access to an expansive lounge network through a Priority Pass Select membership and offers a welcome bonus of 125,000 points after spending $6,000 in the first three months.","The Capital One Venture Rewards Credit Card includes a credit of up to $120 for Global Entry or TSA PreCheck, along with at least 2 miles per dollar spent on every purchase.",The Bank of America Premium Rewards credit card offers a TSA PreCheck/Global Entry statement credit of up to $100 every four years.,The Chase Sapphire Reserve and Chase Sapphire Preferred cards provide primary rental car insurance on most rentals and additional travel credits.,"The Delta SkyMiles Gold American Express Card and United Explorer Card offer complimentary checked bags for travelers, enhancing the value of cobranded airline credit cards."
https://thepointsguy.com/news/american-airlines-tweaks-checked-baggage-policy/,American Airlines tweaks bag fees: Why you'll definitely want to plan ahead,"American Airlines announced an increase in fees for passengers' second checked bag to $50 if paid at the airport, up from $45, while maintaining a $45 fee for those who prepay online.","American Airlines will charge $35 for the first checked bag if prepaid online and $40 if paid at the airport, with no changes to these fees.",American Airlines aims to encourage travelers to prepay for their second checked bag to reduce check-in and bag-drop lines at the airport.,American Airlines has enhanced its mobile app and online tools to facilitate easier baggage addition and flight changes for customers.,American Airlines' Chief Customer Officer Heather Garboden stated that streamlining the travel experience before arriving at the airport benefits customers.,"Members of American Airlines' AAdvantage loyalty program with elite status receive at least one free checked bag, while those with Platinum status and higher receive at least two free bags on all flights.",American Airlines' adjustment to its baggage policy follows a broader trend of increased bag fees across the airline industry and comes after a significant drop in the airline's profits in 2025.
https://thepointsguy.com/travel/best-places-in-the-world-to-see-cherry-blossoms/,The 12 best places to see cherry blossoms abroad this spring,,,,,,,
https://thepointsguy.com/credit-cards/ihg-rewards-credit-card-offers/,"Earn up to 175,000 points with these limited-time IHG Rewards card offers",,,,,,,
https://thepointsguy.com/news/virgin-atlantic-transfer-bonus-partner-redemptions/,"With a 40% transfer bonus from Chase to Virgin Atlantic, here’s why redemptions on partner airlines can make the most sense","Chase Ultimate Rewards program is offering a 40% transfer bonus to Virgin Atlantic's Flying Club program until February 28, allowing every 1,000 Ultimate Rewards points to become 1,400 Virgin points.","Virgin Atlantic has shifted to dynamic pricing for its own flights, resulting in high redemption rates on peak dates and popular routes, especially in premium cabins.","Partner airline redemptions through Virgin Atlantic's Flying Club follow traditional award charts, offering more predictable pricing and lower surcharges compared to Virgin-operated flights.","Saver seats on Virgin Atlantic can offer exceptional value, with economy fares to the U.K. starting at 6,000 points and Upper Class pricing from select U.S. cities starting at 29,000 Virgin points.","Saver seats are limited in capacity and are often unavailable within 30 days of departure or during peak travel dates, leading to higher costs when dynamic pricing is applied.","Virgin Atlantic Flying Club has partnerships with several airlines, including all SkyTeam carriers, allowing for fixed award chart pricing on partner redemptions.","Chase Ultimate Rewards points can be earned through various Chase cards, including the Chase Sapphire Preferred Card, which offers 75,000 bonus points after meeting spending requirements."
https://thepointsguy.com/cruise/howto-antarctica-fly-cruise/,How to get to Antarctica: The pros and cons of flying vs. cruising,,,,,,,
https://thepointsguy.com/credit-cards/who-should-get-amex-gold-card/,Who should (and who shouldn’t) get the Amex Gold?,"American Express® Gold Card offers popular bonus categories for dining at restaurants and U.S. supermarkets, earning valuable American Express Membership Rewards points, with an annual fee of $325 that can be offset by various statement credits.","The Amex Gold provides up to $424 in annual value through statement credits for dining, Uber Cash, and Resy, which can help cover its annual fee if fully utilized.","Cardholders earn 4 points per dollar spent at restaurants worldwide and U.S. supermarkets, translating to an impressive 8% return based on the valuation of Membership Rewards points.","Individuals who spend significantly on dining and groceries, as well as those looking to complete the Amex trifecta with other American Express cards, should consider applying for the Amex Gold.","People who can maximize the annual statement credits from dining, Uber Cash, and Resy will find the Amex Gold particularly valuable, as these credits can easily offset the card's annual fee.",Individuals who are under Chase's 5/24 rule and want more Chase cards should prioritize applying for those cards before considering the Amex Gold.,People living outside the U.S. may find the Amex Gold less valuable due to its U.S.-specific benefits and should consider other cards that offer better rewards for international use.
https://onemileatatime.com/news/palm-beach-airport-renamed-donald-trump/,Palm Beach International Airport (PBI) Will Be Renamed After Donald Trump,,,,,,,
https://onemileatatime.com/news/rumored-world-of-hyatt-program-changes-fake/,Rumored World Of Hyatt Program Changes Are Completely Fake?!?,"Rumors on Reddit indicated that the World of Hyatt loyalty program would experience significant changes, including an overhaul of award pricing and the introduction of a premium credit card, but the source of these rumors later claimed they were entirely fabricated as part of a college experiment.",The Reddit user who posted rumors about changes to the World of Hyatt program later admitted that those rumors were fabricated as part of a college experiment to study the spread of misinformation online.,The Reddit user explained that the fabricated post was designed to see how easily plausible unverified information could spread when it includes insider language and specific operational details.,"A user expressed surprise at how quickly award travel blogs spread fabricated rumors about changes to the World of Hyatt program, causing widespread anxiety among readers.","Some individuals criticized bloggers for spreading unverified information, while others acknowledged that accurate leaks often generate significant interest among readers.",A Reddit user who initially posted rumors about changes to the World of Hyatt program has now claimed that those details were fabricated as part of a college experiment to study the spread of misinformation online.,Many people are uncertain about the truth of the claims regarding changes to the World of Hyatt program after the Reddit user who posted the original rumors stated that those details were completely fabricated as part of a college experiment.
https://onemileatatime.com/news/comedian-slams-american-airlines-pilot-steals-first-class-seat/,Comedian Slams American Airlines After Pilot “Steals” First Class Seat,Comedian Jim Breuer expressed anger after being downgraded from first class to economy on an American Airlines flight from Honolulu to Phoenix due to overbooking.,"Breuer and his wife were informed shortly before boarding that two pilots would take their first class seats, leading to their downgrade to row 18.","Breuer rejected the $500 compensation offered by the gate agent, feeling it was insufficient compared to the thousands spent on their first class tickets.",Breuer believes that the pilots 'stole' their tickets and claims that American Airlines pilots cannot take seats from paying passengers in first class.,"American Airlines' policy allows pilots to occupy first class seats on certain flights, including those between Hawaii and the mainland, even if it means bumping paying passengers.",Jim Breuer felt 'stolen' from after being downgraded from first class to economy on an American Airlines flight because the gate agent failed to clearly explain the need to reposition crew members.,"Many U.S. airlines have similar policies regarding deadheading pilots, indicating that this situation could occur on other airlines like Delta or United."
https://onemileatatime.com/news/emirates-reconfiguring-airbus-a380-highest-capacity-plane/,Emirates Reconfiguring 615-Seat Airbus A380 (World’s Highest Capacity Plane),,,,,,,
https://onemileatatime.com/news/world-of-hyatt-premium-credit-card/,"Rumor: Details Of New Premium World Of Hyatt Credit Card, With $795 Fee",,,,,,,
https://onemileatatime.com/news/world-of-hyatt-award-pricing-changes/,"Rumor: World Of Hyatt Plans Category 10 Hotels, Super Peak Award Pricing","World of Hyatt is planning significant changes to its loyalty program, including adjustments to award pricing and the introduction of new hotel categories.","World of Hyatt may introduce Category 9 hotels costing 50,000 points per night and Category 10 hotels costing 60,000 points per night, with many existing Category 8 properties expected to move up to Category 9.","World of Hyatt plans to implement a 'super peak' award pricing model for select properties during high-demand periods, allowing for increased redemption rates beyond traditional peak pricing.","World of Hyatt intends to enhance free night awards by changing Category 1-4 awards to Category 1-5 and Category 1-7 awards to Category 1-8, along with introducing a top-off functionality for these awards.","World of Hyatt is planning to introduce Category 9 and 10 hotels and a new ""super peak"" award pricing structure to manage costs associated with high-demand redemptions.","Members of the World of Hyatt loyalty program view the adjustments to free night awards and the introduction of a top-off feature as negative, while acknowledging these changes as long overdue improvements.","These proposed changes to World of Hyatt's loyalty program, if accurate, could significantly impact award redemption strategies for members."
https://onemileatatime.com/news/most-powerful-flight-attendant-praises-american-ceo-robert-isom/,World’s Most Powerful Flight Attendant Praises American CEO Robert Isom,"American Airlines CEO Robert Isom has faced criticism for the airline's performance compared to competitors Delta and United, particularly regarding profitability and passenger experience.","Sara Nelson, President of the Association of Flight Attendants, praised Robert Isom's leadership and commitment to frontline employees during the announcement of a new contract for PSA flight attendants.",PSA flight attendants have reached a tentative agreement that includes a 10% immediate wage increase and additional compensation improvements totaling 30-50%.,"Sara Nelson, President of the Association of Flight Attendants, praised American Airlines CEO Robert Isom for his commitment to frontline employees in the context of a new contract announcement for PSA flight attendants.","Sara Nelson, President of the Association of Flight Attendants, praised American Airlines CEO Robert Isom for his commitment to frontline employees, contrasting his leadership with the contentious labor negotiations at United Airlines.","American Airlines management, including Robert Isom and former CEO Doug Parker, has been noted for being more labor-friendly compared to management at United Airlines.","Sara Nelson, President of the Association of Flight Attendants, has publicly supported American Airlines CEO Robert Isom, a move seen as potentially undermining United Airlines CEO Scott Kirby amid ongoing contract negotiations for United flight attendants."
https://onemileatatime.com/news/w-hotel-amsterdam-eviction-not-paying-rent/,W Hotel Amsterdam Faces Eviction After Not Paying Rent For Three Years,,,,,,,
https://liveandletsfly.com/newlyweds-in-business-class/,A Note To The Newlyweds In Business Class On My Malaysia Airlines Flight,Matthew Klint reviewed his Malaysia Airlines A330-900neo flight in business class from Kuala Lumpur to Bali and observed a young Indian couple seated in 2A and 3A who were newlyweds on their honeymoon.,"An Indian husband frequently checked on his wife during their flight, ensuring her comfort and demonstrating the seat features, while she appeared to be an experienced traveler managing independently.","Matthew Klint reflected on his own marriage as he approached his 12th wedding anniversary, appreciating the kindness and chivalry displayed by the newlywed husband.","Matthew Klint wished he could share advice with the newlywed couple, emphasizing the importance of forgiveness, love, and setting clear goals for a successful marriage.","Matthew Klint advised the couple to enjoy their honeymoon, save for the future, and consider starting a family without waiting for the perfect time.","Matthew Klint expressed a desire to become a wiser and kinder husband, acknowledging that while there are no 'do overs' in life, each day offers a new opportunity for growth.",
https://liveandletsfly.com/world-of-hyatt-changes-2026/,"Fake News: Category 10 Hotels, Super Peak Pricing, And A $795 Premium Credit Card Could Redefine World of Hyatt",Matthew Klint clarified that the rumored changes to the World of Hyatt program were not an official leak from Hyatt but part of a college experiment aimed at studying the spread of unverified information online.,"Hyatt may introduce two new award chart tiers, Category 9 and Category 10, with Category 10 potentially being exclusive to a limited number of Park Hyatt properties.","Major metro Park Hyatt hotels in cities like Paris and Tokyo are suggested to be candidates for moving up to Tier 9, indicating a potential increase in redemption costs for these properties.","New 'Super Peak' nights are rumored to be introduced, which would adjust award pricing during high-demand periods based on a fixed rate rather than traditional peak pricing.","Hyatt may expand its free night certificate offerings and introduce new 'top-off' perks, allowing members more flexibility in using points as costs increase.","A new premium World of Hyatt cobranded credit card is rumored to have a $795 annual fee, offering benefits such as a sign-up bonus of 100,000 points and automatic Explorist status.",Matthew Klint expressed concerns that introducing new award categories and 'Super Peak Pricing' could reduce the value of Hyatt points and negatively affect loyal customers.
https://liveandletsfly.com/sara-nelson-robert-isom/,World’s Powerful Flight Attendant Heaps Effusive Praise On American Airlines CEO…,"Sara Nelson, President of the Association of Flight Attendants, praised American Airlines CEO Robert Isom for his commitment to frontline employees after PSA flight attendants secured a tentative agreement for wage increases of up to 50%.","Nelson's praise for Isom contrasts with her criticism of United Airlines CEO Scott Kirby, whose flight attendants remain without a new contract and are still earning 2019 wages.","Despite Nelson's efforts, United flight attendants rejected a proposed deal that included significant economic improvements, leading to stalled negotiations.","Nelson's comments about Isom highlight a perceived difference in leadership styles, suggesting that Kirby's lack of direct engagement in negotiations has contributed to dissatisfaction among United flight attendants.","Sara Nelson, President of the Association of Flight Attendants, praised American Airlines CEO Robert Isom for his commitment to frontline employees and the recent wage increases for PSA flight attendants, while subtly criticizing United Airlines CEO Scott Kirby amid ongoing union tensions.","Sara Nelson, President of the Association of Flight Attendants, views Robert Isom's leadership as favorable for labor relations because he has not imposed additional demands on flight attendants despite significant pay raises.",Nelson's support for Isom may reflect a pragmatic acknowledgment that his leadership style is preferable to a more demanding approach that could lead to unrest among flight attendants.
https://liveandletsfly.com/jetblue-service-dog-incident/,JetBlue Passenger Abandons Her “Service Dog” At Las Vegas Airport After Paperwork Dispute,,,,,,,
https://liveandletsfly.com/united-mileageplus-credit-card-changes/,United Airlines Fundamentally Transforms MileagePlus With Credit Card–Driven Loyalty Strategy,"United Airlines has announced significant changes to its MileagePlus loyalty program, shifting the focus towards rewarding credit card holders rather than frequent flyers.","Starting April 2, 2026, MileagePlus members without a United co-branded credit card will earn substantially fewer redeemable miles on United flights, effectively creating two classes of members.","United Airlines will eliminate mileage earning on Basic Economy fares for non-elite members unless they hold a United credit card, reinforcing the need for card ownership to earn miles.","MileagePlus members who hold a United credit or debit card will receive automatic award discounts of at least 10%, making it more beneficial for cardholders compared to non-cardholders.","United Airlines is introducing a new debit card option that allows entry-level cardholders to earn enhanced mileage, although it requires a minimum annual spending of $10,000.",United Airlines is shifting its MileagePlus program to prioritize credit card adoption and spending over traditional loyalty based on flight activity.,"MileagePlus is evolving into a financial product rather than just a frequent flyer program, reflecting a broader trend in the airline industry towards monetizing loyalty through credit card partnerships."
https://liveandletsfly.com/delta-flight-emergency-houston-disruptive-man-blouse/,"Delta Flight Declares Emergency, Returns To Houston After Disruptive Man In A Blouse Sparks Midair Chaos",,,,,,,
https://liveandletsfly.com/tucker-carlson-detained-israel-ben-gurion/,Tucker Carlson Claims He Was “Detained” In Israel. That’s Not What Actually Happened.,,,,,,,
https://liveandletsfly.com/united-airlines-cfo-jetblue-merger/,United Airlines CFO Drops Biggest Hint Yet About JetBlue Merger,"Michael Leskinen, the Executive Vice President and Chief Financial Officer of United Airlines, hinted at United's interest in acquiring JetBlue during an interview at the Barclays 43rd Annual Industrial Select Conference on February 18, 2026.","Leskinen stated that the airline industry would benefit from mergers and acquisitions, suggesting a favorable environment for such actions, particularly for low-margin airlines.","Leskinen indicated that if a Democrat is elected in 2028, any hopes for a merger between United Airlines and JetBlue could be dashed, emphasizing the urgency for United to act under the current administration.","Leskinen confirmed that Pratt & Whitney powered 777s would be grounded this year, impacting United's international growth plans until the issue is resolved in 2027.","Leskinen expressed excitement about the 737 MAX 10 aircraft, stating it is incrementally better than the MAX 9 and well-suited for United's network, although the airline's path to profitability is not solely dependent on it.","Leskinen made a remark about American Airlines' hub at Chicago O'Hare, stating that it is only temporary, implying confidence in United's competitive position.","United Airlines is perceived to be in a unique position for growth as budget carriers struggle, leading to speculation that United may attempt to merge with JetBlue within the next year and a half."
https://liveandletsfly.com/malaysia-airlines-a330-900neo-business-class-review/,Review: Malaysia Airlines A330-900neo Business Class,"Matthew Klint enjoyed an excellent flight from Kuala Lumpur to Bali on a brand new Malaysia Airlines Airbus A330-900neo in business class, featuring a comfortable seat and excellent service onboard.","Matthew Klint booked his ticket for the flight using British Airways Avios at a cost of 22,000 Avios and $38 in taxes, while a paid ticket was over 500 USD.","Malaysia Airlines' Airbus A330-900neo business class cabin features 28 Collins Aerospace Elevation seats arranged in a 1-2-1 reverse herringbone pattern, each offering a 44-inch seat pitch and the capability to convert into a fully lie-flat bed.","Each business class seat features a 17.3-inch 4K touch screen display loaded with content, but the selection of movies was considered below average compared to competitors.","Malaysia Airlines provided a pre-departure beverage of apple juice and a cold towel, with breakfast options including Nasi Lemak and Roasted Chicken Thigh served promptly after takeoff.","Service on the Malaysia Airlines flight was warm and attentive, highlighted by a pleasant conversation with Teck Hui, the purser/supervisor, who shared insights about his long career with the airline.","Matthew Klint found the Airbus A330-900neo to be a superior aircraft compared to the A350-900 in business class, primarily due to the comfort of the Collins Aerospace Elevation seats."
https://liveandletsfly.com/yale-professor-defense-of-robert-isom/,Yale Professor’s Defense Of American Airlines CEO Robert Isom Collapses Under Scrutiny,Yale management professor Jeffrey Sonnenfeld's opinion piece defending American Airlines CEO Robert Isom has been criticized for lacking factual support.,"Dramatic headlines across business publications declare that there is a ""civil war"" within American Airlines, with union leaders expressing a lack of confidence in CEO Robert Isom.","American Airlines has not produced an annual loss during Robert Isom's tenure as CEO, even during the pandemic's impact in 2022.","American Airlines has a structural labor cost disadvantage compared to United Airlines, which currently enjoys a significant cost advantage due to outdated contracts with its labor groups.","American Airlines has more than 130,000 employees, with 87% unionized, and Isom has chosen to invest in his workforce by paying them fairly, ahead of the competition.","American Airlines faced significant operational disruptions due to Winter Storm Fern in January 2026, which resulted in over 9,000 flight cancellations and a substantial revenue impact.","Robert Isom has paid down $17 billion in debt since mid-2021 and ordered 260 new aircraft in 2024, marking the second-largest fleet investment in American's history."
https://liveandletsfly.com/air-force-one-paint-job/,"Air Force One Is Getting Trump’s Red, White, And Blue Paint Job And Even Existing Jets Will Be Repainted",,,,,,,
https://viewfromthewing.com/comedian-jim-breuer-paid-for-first-class-from-hawaii-american-airlines-took-his-seat-for-a-pilot-and-moved-him-to-row-18/,Comedian Jim Breuer Paid For First Class From Hawaii—American Airlines Took His Seat For A Pilot And Moved Him To Row 18,"Comedian Jim Breuer purchased first class tickets on American Airlines for a flight from Fort Myers, Florida to Honolulu, but was downgraded to coach due to overbooking, while two pilots occupied the first class seats.",Jim Breuer expressed frustration that American Airlines did not inform him of his downgrade until the last minute and offered him a $500 voucher as compensation for the inconvenience.,Breuer criticized American Airlines for taking his paid first class seat and claimed that the airline's actions amounted to theft of his ticket and money.,"American Airlines' contract of carriage allows them to take away a paid first class seat and provide compensation based on the difference in fare, which Breuer found inadequate.","American Airlines likely needed to accommodate a deadheading pilot in first class, which is permitted under their union contract, leading to Breuer's downgrade.",Breuer stated that he no longer respects American Airlines due to their poor customer service and lack of communication following the incident.,Breuer desires a first class ticket for a future flight between the U.S. and Honolulu instead of the $500 voucher offered by American Airlines.
https://viewfromthewing.com/bilt-palladiums-delivered-50000-points-right-away-gold-secured-through-early-2028-and-4x-everyday-spend-strategy/,"Bilt Palladium’s Delivered 50,000 Points Right Away—Gold Secured Through Early 2028 And 4X Everyday Spend Strategy",,,,,,,
https://viewfromthewing.com/he-checked-into-a-149-nyc-hotel-room-then-claimed-to-own-the-entire-skyscraper-eight-years-later-hes-guilty-of-fraud/,"He Checked Into a $149 NYC Hotel Room—Then Claimed To Own the Entire Skyscraper. Eight Years Later, He’s Guilty of Fraud",,,,,,,
https://viewfromthewing.com/singapore-promotes-americans-dating-aunties-yes-this-is-a-tourism-campaign-roundup/,"Singapore Promotes Americans Dating “Aunties”—Yes, This Is A Tourism Campaign [Roundup]",,,,,,,
https://viewfromthewing.com/report-hyatt-to-raise-award-prices-add-ultra-premium-795-credit-card-major-changes-could-hit-next-week/,"Hoax: Hyatt To Raise Award Prices, Add Ultra-Premium $795 Credit Card—Major Changes Could Hit Next Week",,,,,,,
https://viewfromthewing.com/hyatt-cards-big-bonus-ends-feb-26-how-15k-in-spend-turns-into-7-free-nights/,Hyatt Card’s Big Bonus Ends Feb 26 — How $15K In Spend Turns Into 7 Free Nights,,,,,,,
https://viewfromthewing.com/americas-smallest-bank-lounge-how-to-get-into-the-78-seat-chase-sapphire-lounge-phoenix-without-waiting/,America's Smallest Bank Lounge—How To Get Into The 78-Seat Chase Sapphire Lounge Phoenix Without Waiting,,,,,,,
https://viewfromthewing.com/stunk-the-entire-flight-american-airlines-flight-attendant-shocked-by-foot-odor-so-bad-passenger-hid-under-a-blanket-roundup/,‘Stunk The Entire Flight’: American Airlines Flight Attendant Shocked By Foot Odor So Bad Passenger Hid Under A Blanket [Roundup],,,,,,,
https://viewfromthewing.com/surveillance-video-shows-tucker-carlson-lied-about-being-detained-by-israeli-security/,Surveillance Video Shows: Tucker Carlson Lied About Being ‘Detained’ By Israeli Security,,,,,,,
https://viewfromthewing.com/jetblue-passenger-abandons-fake-service-dog-at-airport-when-told-he-couldnt-fly-hell-find-his-way-home/,JetBlue Passenger Abandons Fake Service Dog At Airport When Told He Couldn't Fly: “He'll Find His Way Home”,,,,,,,
https://www.flightglobal.com/aerospace/airbus-not-supporting-urals-a320-family-life-extension-effort/166390.article,Airbus not supporting Ural’s A320-family life-extension effort,,,,,,,
https://www.flightglobal.com/news/air-france-klm-eyes-777-300er-replacement-sooner-rather-than-later/166374.article,Air France-KLM eyes 777-300ER replacement ‘sooner rather than later’,,,,,,,
https://www.flightglobal.com/airlines/flyarystan-picks-former-wizz-air-executive-as-new-president/166366.article,FlyArystan picks former Wizz Air executive as new president,,,,,,,
https://skift.com/2026/02/20/best-in-hospitality-winter-2026-new-brands-and-ideas-that-matter/,Best in Hospitality Winter 2026: New Brands and Ideas That Matter,,,,,,,
https://aviationweek.com/air-transport/airports-networks/routes-networks-latest-rolling-daily-updates-wc-february-16-2026,"Routes & Networks Latest: Rolling Daily Updates (W/C February 16, 2026)",,,,,,,
https://aviationweek.com/aerospace/aircraft-propulsion/southwest-concerned-over-potential-cfm-leap-parts-crunch,Southwest Concerned Over Potential CFM Leap Parts Crunch,,,,,,,
https://aviationweek.com/aerospace/aircraft-propulsion/flight-friday-north-american-airlines-shift-modern-widebodies,Flight Friday: North American Airlines Shift To Modern Widebodies,"North American airlines are placing significant orders for modern widebody aircraft, including Airbus A350s and Boeing 787s, to replace older fleets of A330s, 767s, and 777s.","Total annual widebody utilization for major North American airlines, such as Air Canada, American Airlines, Delta Air Lines, and United Airlines, exceeded 2019 levels by 2023.","In 2019, the Boeing 777 accounted for one-third of all flight cycles among these airlines, while the Boeing 767 followed closely with 28% of the cycles.","By 2023, the utilization of the Boeing 777 remained dominant at 31%, but the Boeing 767's share decreased to 21%, with the Boeing 787 increasing its share from 21% to 28%.","For 2025, the Boeing 777 continues to lead in utilization, just one percentage point ahead of the Boeing 787, while the Airbus A350 has increased its share to 5% of annual utilization.","The Airbus A330 has gained some utilization with the addition of more A330-900s to Delta Air Lines' fleet, now accounting for 17% of annual utilization.",
https://aviationweek.com/air-transport/airlines-lessors/benin-regulator-greenlights-aoc-new-carrier,Benin Regulator Greenlights AOC For New Carrier,,,,,,,
https://aviationweek.com/air-transport/airlines-lessors/fastjet-mozambique-set-relaunch-operations,Fastjet Mozambique Set To Relaunch Operations,,,,,,,
https://aviationweek.com/air-transport/aircraft-propulsion/atr-continues-talks-operators-offer-stol-solutions,ATR Continues Talks With Operators To Offer STOL Solutions,,,,,,,
https://aviationweek.com/air-transport/airlines-lessors/milne-returns-second-stint-air-niugini-ceo,Milne Returns For Second Stint As Air Niugini CEO,,,,,,,
https://aviationweek.com/air-transport/airlines-lessors/acg-brokers-deal-acquire-24-aircraft-avolon,ACG Brokers Deal To Acquire 24 Aircraft From Avolon,,,,,,,
https://aviationweek.com/air-transport/airlines-lessors/southwest-airlines-eyes-early-2027-debut-boeing-737-7,Southwest Airlines Eyes Early 2027 Debut For Boeing 737-7,"Southwest Airlines expects its first Boeing 737-7 aircraft to arrive in late 2026 and enter service in early 2027, as stated by Fleet Asset Management Director Ken Barone.","Ken Barone stated that regulatory approval for the Boeing 737-7s is expected later this year, allowing for a preparation period of four to six months before entering service.","Southwest Airlines originally planned to have 72 Boeing 737-7s in service by 2023, but is now confident that the long wait for these aircraft is nearly over.","Boeing has rolled out 28 Boeing 737-7s, most of which are expected to be delivered to Southwest Airlines after regulatory approval is granted.","Southwest Airlines will need to earn its own approvals for additional features, such as the left-seat head-up display (HUD), which it has equipped on its new 737s since 1995.","The arrival of new Boeing 737-7s will accelerate Southwest Airlines' fleet modernization, as the airline operates a fleet of 800 all-737 aircraft.",Southwest Airlines expects to add 66 Boeing 737-8 aircraft this year while retiring 60 older airframes.
https://meetings.skift.com/2026/02/20/speaking-the-language-of-the-c-suite-will-take-you-from-planner-to-partner/,Speaking the Language of the C-Suite Will Take You From Planner to Partner,,,,,,,
https://skift.com/2026/02/20/meet-the-leaders-judging-your-2026-skift-idea-awards-entry/,Meet the Leaders Judging your 2026 Skift IDEA Awards Entry,,,,,,,
https://dlr.skift.com/2026/02/19/wyndham-and-choice-hotels-report-earnings/,Wyndham and Choice Hotels Report Earnings,,,,,,,
https://meetings.skift.com/2026/02/19/bill-gates-cancels-ai-summit-keynote-hours-before-taking-the-stage/,Bill Gates Cancels AI Summit Keynote Hours Before Taking the Stage,,,,,,,
https://skift.com/2026/02/19/tripadvisor-ceo-issued-confidential-memo-to-employees-on-challenging-month-scoop/,Tripadvisor CEO Issued Confidential Memo to Employees on ‘Challenging’ Month: Scoop,,,,,,,